ExpectedPnL,AchievedPnL,FinalOutcome,FinalQuality,new_or_old,num_bars,timeframe,model_type
55546.50000000003,29970.899999999954,VeryGood,0.539564147984905,NEW,75,15,C
55546.50000000003,27392.299999999996,VeryGood,0.49314178122268376,PREV,75,15,C
