ExpectedPnL,AchievedPnL,FinalOutcome,FinalQuality,new_or_old,num_bars,timeframe,model_type
96079.39999999997,46816.99999999998,VeryGood,0.4872740665665334,NEW,75,60,C
96079.39999999997,53090.8,VeryGood,0.5525721428812296,PREV,75,60,C
