ExpectedPnL,AchievedPnL,FinalOutcome,FinalQuality,new_or_old,num_bars,timeframe,model_type
49542.9000000001,21576.299999999992,VeryGood,0.4355074078515631,NEW,75,1,C
49542.9000000001,20353.300000000043,VeryGood,0.4108217314472473,PREV,75,1,C
