ExpectedPnL,AchievedPnL,FinalOutcome,FinalQuality,new_or_old,num_bars,timeframe,model_type
105208.29999999997,50593.7,VeryGood,0.48089076576573264,NEW,100,60,C
105208.29999999997,80409.5,VeryGood,0.7642885582560611,PREV,100,60,C
