ExpectedPnL,AchievedPnL,FinalOutcome,FinalQuality,new_or_old,num_bars,timeframe,model_type
99969.40000000002,52250.999999999985,VeryGood,0.5226699364778921,NEW,75,60,C
99969.40000000002,50452.19999999998,VeryGood,0.5046764304830511,PREV,75,60,C
