ExpectedPnL,AchievedPnL,FinalOutcome,FinalQuality,new_or_old,num_bars,timeframe,model_type
47180.29999999991,16506.500000000033,VeryGood,0.3498600043877225,NEW,75,1,C
47180.29999999991,16168.099999999935,VeryGood,0.34268751927671537,PREV,75,1,C
