ExpectedPnL,AchievedPnL,FinalOutcome,FinalQuality,new_or_old,num_bars,timeframe,model_type
136768.19999999998,84434.20000000001,VeryGood,0.617352571272158,NEW,75,15,C
136768.19999999998,74105.99999999991,VeryGood,0.5418364791363509,PREV,75,15,C
