ExpectedPnL,AchievedPnL,FinalOutcome,FinalQuality,new_or_old,num_bars,timeframe,model_type
14395.09999999998,6642.100000000014,VeryGood,0.4614139501537765,NEW,75,1,C
14395.09999999998,8114.699999999993,VeryGood,0.5637126483059333,PREV,75,1,C
