ExpectedPnL,AchievedPnL,FinalOutcome,FinalQuality,new_or_old,num_bars,timeframe,model_type
142280.40000000002,94167.20000000007,VeryGood,0.6618423896321335,NEW,75,15,C
142280.40000000002,65794.40000000008,VeryGood,0.462427712838573,PREV,75,15,C
