ExpectedPnL,AchievedPnL,FinalOutcome,FinalQuality,new_or_old,num_bars,timeframe,model_type
96310.29999999996,47175.700000000026,VeryGood,0.48983026686675274,NEW,75,60,C
96310.29999999996,47885.29999999998,VeryGood,0.49719811848037215,PREV,75,60,C
