ExpectedPnL,AchievedPnL,FinalOutcome,FinalQuality,new_or_old,num_bars,timeframe,model_type
79114,124376.60000000002,VeryGood,1.5721187127788778,NEW,100,60,R
78571,28256.000000000007,VeryGood,0.35962377930836603,PREV,100,60,R
