ExpectedPnL,AchievedPnL,FinalOutcome,FinalQuality,new_or_old,num_bars,timeframe,model_type
57101.80000000003,23743.399999999998,VeryGood,0.4158082575053529,NEW,75,15,C
57101.80000000003,32569.19999999998,VeryGood,0.5703708104291437,PREV,75,15,C
