ExpectedPnL,AchievedPnL,FinalOutcome,FinalQuality,new_or_old,num_bars,timeframe,model_type
302317.5,56395.89999999999,VeryGood,0.18654527105227273,NEW,100,60,C
302317.5,191995.30000000002,VeryGood,0.635078352845906,PREV,100,60,C
